RETAILER_CONTACT_CODE,RETAILER_SITE_CODE,FIRST_NAME,LAST_NAME,JOB_POSITION_EN,EXTENSION,FAX,E_MAIL,GENDER
4,19,Gilles,Rapier,Site Manager,,1 (613) 740-6701,GRapier@f76.net,M
5,23,Walter,Baker,Site Manager,,1 (514) 743-7985,WBaker@maxsnetinc.com,M
6,4,Marie,Turcotte,Assistant Purchaser,635.0,1 (514) 747-2582,MTurcotte@cybserv19.com,F
7,2,Mark,Myers,Assistant Purchaser,,1 (514) 741-2277,MMyers@rocksteadyitl.com,M
9,10,Jack,Marshall,Site Manager,,1 (604) 682-4523,JMarshall@vipce2k.com,M
10,14,Frank,Smith,Chief Purchaser,2489.0,1 (514) 741-1610,FSmith@legolfeurinc.com,M
11,25,Frank,Bretton,District Manager,3452.0,1 (613) 735-5759,FBretton@maxsnetinc.com,M
13,27,Elise,Leblanc,District Manager,,1 (416) 496-5066,ELeblanc@actup9.com,F
14,30,Serge,Champoux,Assistant Purchaser,784.0,1 (416) 489-3763,SChampoux@actup9.com,M
15,29,Guy,Lamoureux,District Manager,,1 (416) 496-7756,GLamoureux@actup9.com,M
16,3,Yves,Fortin,Site Assistant Manager,,1 (506) 446-2897,YFortin@rocksteadyitl.com,M
17,20,Walter,Reilly,Chief Purchaser,2148.0,1 (902) 427-6942,WReilly@f76.net,M
22,11,Richard,Seitak,Chief Purchaser,3425.0,1 (604) 682-3059,RSeitak@vipce2k.com,M
23,7,Tom,Mackley,Assistant Purchaser,1254.0,1 (306) 242-9766,TMackley@cybserv19.com,M
30,1,Trudy,Gates,Site Assistant Manager,,1 (204) 891-4971,TGates@rocksteadyitl.com,F
31,28,Harmon,Pederson,District Manager,157.0,1 (204) 887-7620,HPederson@actup9.com,M
32,21,David,Henschel,Site Assistant Manager,654.0,1 (250) 779-6930,DHenschel@f76.net,M
33,52,Brigitta,Kunstl,Assistant Purchaser,,+(49) 221 423 980,BKunstl@extrem1.com,F
34,50,Britta,Selemann,Site Manager,87.0,+(49) 69 553 1292,BSelemann@dz7.com,F
35,45,Christine,Schmidt,Assistant Purchaser,,+(49) 69 332 1440,CSchmidt@holsteing.com,F
36,34,Franz,Hillemann,District Manager,,+(49) 221 773 431,FHillemann@dfd18.com,M
37,44,Friedrich,Wallner,Assistant Purchaser,538.0,+(49) 69 102 7656,FWallner@holsteing.com,M
38,59,Gabriele,Artner,Chief Purchaser,,+(49) 361 791 574,GArtner@b17xo2.com,F
39,37,Gerd,Bogener,Site Assistant Manager,,+(49) 351 525 218,GBogener@fztxinc.com,M
40,47,Gerhard,Steiner,Site Assistant Manager,24.0,+(49) 30 883 2134,GSteiner@dz7.com,M
41,51,Günther,Hessel,Assistant Purchaser,,+(49) 331 784 300,GHessel@dz7.com,M
42,33,Hans,Albrecht,Site Assistant Manager,1548.0,+(49) 30 229 1345,HAlbrecht@dfd18.com,M
43,38,Heinrich,Sandemann,Assistant Purchaser,,+(49) 211 608 903,HSandemann@fztxinc.com,M
44,39,Herbert,Stillner,Site Manager,6497.0,+(49) 69 233 0762,HStillner@fztxinc.com,M
45,43,Harald,Klein,Stock Manager,,+(49) 613 135 060,HKlein@holsteing.com,M
46,54,Helga,Freibauer,Stock Manager,,+(49) 69 881 4466,HFreibauer@extrem1.com,F
47,58,Helge,Dielmann,District Manager,,+(49) 761 814 410,HDielmann@b17xo2.com,F
48,57,Helmut,Scharf,Stock Manager,,+(49) 681 972 176,HScharf@b17xo2.com,M
49,35,Helmuth,Schmitt,Site Assistant Manager,,+(49) 40 456 1234,HSchmitt@dfd18.com,M
50,49,Hermann,Diemer,Site Assistant Manager,,+(49) 385 661 254,HDiemer@dz7.com,M
51,62,Hilde,Kunz,Stock Manager,654.0,+(49) 89 234 8822,HKunz@weitblickitl.com,F
52,36,Ingrid,Stadler,Chief Purchaser,6492.0,+(49) 30 694 0112,IStadler@fztxinc.com,F
53,55,Jan,Gutmann,Stock Manager,,+(49) 40 332 6777,JGutmann@extrem1.com,M
54,41,Jens,Helsen,Assistant Purchaser,,+(49) 778 224 646,JHelsen@fztxinc.com,M
55,60,Jochen,Mostel,Assistant Purchaser,,+(49) 40 666 1061,JMostel@rutkss.com,M
56,32,Jochen,Tausig,Assistant Purchaser,,+(49) 69 702 1090,JTausig@fitexes.com,M
57,48,Johann,Stauber,Site Manager,,+(49) 431 185 541,JStauber@dz7.com,M
58,61,Karin,Engele,Chief Purchaser,249.0,+(49) 421 325 177,KEngele@weitblickitl.com,F
59,63,Katrin,Liebnitz,District Manager,673.0,+(49) 391 364 508,KLiebnitz@dfd18.com,F
60,40,Kerstin,Stilemann,Chief Purchaser,,+(49) 40 221 5609,KStilemann@fztxinc.com,F
61,46,Karsten,Thormann,Chief Purchaser,,+(49) 406 657 321,KThormann@holsteing.com,M
62,53,Katja,Dükel,District Manager,805.0,+(49) 425 553 453,KDukel@extrem1.com,F
63,42,Klaus,Bülow,Site Assistant Manager,1368.0,+(49) 30 553 0892,KBulow@holsteing.com,M
64,56,Knud,Heinze,Assistant Purchaser,24.0,+(49) 69 122 1893,KHeinze@b17xo2.com,M
65,5,Andrea,Martens,Stock Manager,,1 (705) 675-9848,AMartens@cybserv19.com,F
66,6,Bill,Follett,Site Assistant Manager,,1 (819) 427-4397,BFollett@cybserv19.com,M
67,8,Bob,Harvey,Stock Manager,,1 (867) 670-7293,Bob@mountmad2k.net,M
68,9,Bonnie,Richards,Assistant Purchaser,,1 (416) 490-1569,BRichards@vipce2k.com,F
69,12,Douglas,Petterson,Stock Manager,,1 (604) 687-4760,DPetterson@vipce2k.com,M
70,13,Ellen,Smith,Assistant Purchaser,215.0,1 (514) 742-7210,ESmith@vipce2k.com,F
71,15,Emma,Wilson,Assistant Purchaser,,1 (250) 388-6463,SGC@imssandt.com,F
72,16,Julia,Ortega,Site Assistant Manager,,1 (819) 885-1286,SGC@imssandt.com,F
73,17,Karen,Bowman,District Manager,,1 (514) 744-1818,Kbowman@f76.net,F
74,18,Lloyd,Johnson,Stock Manager,,1 (416) 490-8218,Ljohnson@f76.net,M
75,22,Sam,O'Donnell,District Manager,,1 (416) 491-8738,SODonnell@maxsnetinc.com,M
76,24,Ron,Winter,Stock Manager,1216.0,1 (416) 493-8539,Rwinter@maxsnetinc.com,M
77,26,Phil,Daily,Assistant Purchaser,,1 (902) 549-1159,PDaily@maxsnetinc.com,M
78,67,James,Cattani,Site Manager,,1 (808) 724-2226,Cattani@ogceromdaer.net,M
79,70,Deborah,Kim,Site Assistant Manager,,1 (617) 268-9292,Kim@ogceromdaer.net,F
80,69,Doug,Isaacs,Site Assistant Manager,,1 (410) 747-6731,Isaacs@ogceromdaer.net,M
81,68,Judith,Schaeffer,Site Assistant Manager,,1 (404) 653-9383,Schaeffer@ogceromdaer.net,F
82,71,Nadeem,Azizi,Site Manager,64.0,1 (716) 694-4548,Azizi@ogceromdaer.net,M
83,72,Lisa,Mortenson,Site Assistant Manager,,1 (212) 780-3467,Mortenson@ogceromdaer.net,F
84,74,Michael,Feador,Site Manager,,1 (402) 475-4717,Mike@ulyssesnet5.net,M
85,73,Edward,Hurley,Site Manager,,1 (406) 248-6762,Ed@ulyssesnet5.net,M
86,78,Anthony,Pelletier,Site Assistant Manager,1112.0,1 (513) 793-7891,TonyP@mktplace7.net,M
87,75,Carl,Rosetti,Chief Purchaser,123.0,1 (212) 477-9737,CarlR@mktplace7.net,M
88,79,Christopher,Rosenbaum,Chief Purchaser,,1 (401) 272-6861,ChrisR@mktplace7.net,M
89,76,Ingrid,Amato,Stock Manager,,1 (212) 765-4628,IngridA@mktplace7.net,F
90,77,Roberta,Costis,Chief Purchaser,,1 (212) 477-4632,RobertaC@mktplace7.net,F
91,80,George,MacMahon,Chief Purchaser,,1 (603) 448-6412,MacMahon@jniinternational.net,M
92,83,Andrea,Kennedy,Stock Manager,,1 (503) 285-0894,Kennedy@tamarackeight.com,F
93,82,Ted,Knell,Assistant Purchaser,4458.0,1 (701) 223-5721,Knel@tamarackeight.com,M
94,81,Julia,Trebino,Site Manager,,1 (417) 865-4911,Trebino@tamarackeight.com,F
95,87,Jennifer,Gomes,Site Manager,,1 (423) 266-4721,G1289@emertxe.com,F
96,91,Timothy,Moon,Site Assistant Manager,,1 (304) 343-4560,M0019@emertxe.com,M
97,90,Paul,Fischer,Stock Manager,,1 (206) 362-6645,F9943@emertxe.com,M
98,89,Derek,Wilkes,Site Assistant Manager,,1 (703) 549-4896,W3219@emertxe.com,M
99,86,Sarah,Klausen,District Manager,,1 (405) 946-4321,K1293@emertxe.com,F
100,85,Amanda,Yates,Stock Manager,,1 (702) 369-2274,Y2883@emertxe.com,F
101,84,Paula,Schmidt,Assistant Purchaser,,1 (702) 882-0978,S8832@emertxe.com,F
102,88,Micheal,Tao,District Manager,445.0,1 (713) 524-3215,T8839@emertxe.com,M
103,92,Jack,Murphy,District Manager,,1 (305) 557-5478,Murphy@eyedimensions3.com,M
104,93,Gillian,Sumi,Site Assistant Manager,1231.0,1 (404) 653-3472,Sumi@eyedimensions3.com,F
105,94,Glen,Claydon,Site Manager,,1 (972) 247-4871,Claydon@eyedimensions3.com,M
106,97,Helena,Buhlman,Stock Manager,,1 (619) 223-6548,Buhlman@donovansshops.net,F
107,99,Philip,Lindacker,Chief Purchaser,,1 (415) 759-1367,Lindacker@donovansshops.net,M
108,96,Tony,Ramirez,Stock Manager,3490.0,1 (310) 281-5444,Ramirez@donovansshops.net,M
109,98,Maria,Cornell,District Manager,542.0,1 (415) 759-3215,Cornell@donovansshops.net,F
110,95,Peter,Ricci,District Manager,,1 (213) 747-4456,Ricci@donovansshops.net,M
111,100,Philip,Fitzpatrick,District Manager,,1 (505) 881-5789,Fitzpatrick@f76.net,M
112,101,Elizabeth,Spagnoli,Site Manager,112.0,1 (512) 451-5478,Spagnoli@f76.net,F
113,102,Kenneth,Jones,District Manager,,1 (606) 244-2691,Purchasing@trailmasterz80.net,M
114,104,Laura,Chaffer,Stock Manager,1222.0,1 (518) 434-7834,LauraC@zxyznet.net,F
115,103,Angela,Pathak,District Manager,,1 (415) 642-8746,AngelaP@zxyznet.net,F
116,107,Arthur,Fogarty,Stock Manager,,1 (972) 247-5888,ArtF@zxyznet.net,M
117,108,Tom,Randell,Site Manager,,1 (801) 978-4309,TomR@zxyznet.net,M
118,105,Joan,Wilson,Stock Manager,6564.0,1 (212) 535-1649,JoanW@zxyznet.net,F
119,106,Mark,Digiannato,Chief Purchaser,,1 (212) 765-1915,MarkD@zxyznet.net,M
120,110,Lena,Lattrez,Site Manager,487.0,1 (803) 571-7802,LL@ghni7.com,F
121,109,Stephanie,Kosawski,Site Manager,,1 (919) 968-3431,SK@ghni7.com,F
122,111,Fraser,Bradley,Assistant Purchaser,,1 (602) 788-6672,Fbradley@bve7.net,F
123,112,Sharon,Porter,Assistant Purchaser,,1 (415) 642-5448,Sporter@bve7.net,F
124,113,Terry,Swift,Stock Manager,1233.0,1 (303) 449-6541,JJ@ipsjptl.net,F
125,115,Amy,Turner,Assistant Purchaser,,1 (802) 229-9098,Turner@edsstore.com,F
126,117,Joanne,Simmons,Site Manager,1112.0,1 (206) 292-5489,Simmons@edsstore.com,F
127,114,Melanie,Ayling,Assistant Purchaser,,1 (713) 524-8785,Ayling@edsstore.com,F
128,118,David,Huang,Chief Purchaser,,1 (608) 223-5803,Huang@edsstore.com,M
129,119,Cynthia,Walker,Chief Purchaser,,1 (307) 234-5631,Walker@edsstore.com,F
130,116,Matthew,Bolas,District Manager,,1 (804) 226-5462,Bolas@edsstore.com,M
131,121,Martha,O'Rourke,District Manager,687.0,1 (904) 221-2378,Martha@marakis.com,F
132,120,Barbara,Reese,Site Manager,,1 (302) 736-3751,Barb@marakis.com,F
133,122,Nicholas,Patterson,Assistant Purchaser,,1 (305) 557-1325,Nick@marakis.com,M
134,123,Rachel,Foth,Assistant Purchaser,,1 (404) 766-4392,Rachel@marakis.com,F
135,128,Craig,Stollard,Site Manager,457.0,1 (305) 557-1544,Stollard@cc87.com,M
136,124,Henry,Collins,Site Manager,,1 (310) 281-5400,Collins@cc87.com,M
137,129,Conrad,Fietzer,Chief Purchaser,321.0,1 (404) 653-3333,Fietzer@cc87.com,M
138,125,Karen,Harvey,Assistant Purchaser,,1 (619) 223-3165,Harvey@cc87.com,F
139,127,Thomas,Richter,Assistant Purchaser,,1 (202) 265-0543,Richter@cc87.com,M
140,126,David,Latella,Stock Manager,,1 (303) 808-2992,Latella@cc87.com,M
141,130,Sean,Braden,District Manager,1112.0,1 (205) 870-2126,Braden@connorstores.com,M
142,133,Matthew,Kearney,District Manager,,1 (601) 957-4990,Kearney@connorstores.com,M
143,134,Gabrielle,Meda,Assistant Purchaser,64.0,1 (518) 523-6412,Meda@connorstores.com,F
144,131,Monica,Flores,Site Manager,,1 (617) 268-3091,Flores@connorstores.com,F
145,132,Jeanne,Rodenberg,District Manager,8.0,1 (617) 268-4921,Rodenberg@connorstores.com,F
146,135,Janet,Duggan,District Manager,,1 (303) 449-7887,jd@byathread3.com,F
147,137,Jonathon,Braith,District Manager,,1 (801) 978-5412,jb@byathread3.com,M
148,136,Wayne,Anderson,Assistant Purchaser,,1 (303) 808-5403,wa@byathread3.com,M
149,141,Angelina,Karia,District Manager,,1 (714) 563-6783,Karia@hmincnet.com,F
150,140,Clarence,Palmer,Assistant Purchaser,,1 (501) 821-7731,Palmer@hmincnet.com,M
151,142,Samuel,Lynch,Site Manager,456.0,1 (310) 207-4587,Lynch@hmincnet.com,M
152,139,Ingrid,Weston,District Manager,,1 (520) 575-6458,Weston@hmincnet.com,F
153,138,Diane,Huang,Site Manager,,1 (602) 788-4556,Huang@hmincnet.com,F
154,143,Henry,Cai,Assistant Purchaser,,1 (702) 362-9487,Cai@hmincnet.com,M
155,148,Mark,Picarello,Site Manager,,1 (218) 722-4311,Picarello@mozzer88.com,M
156,149,Kevin,Faber,Chief Purchaser,,1 (605) 342-8752,Faber@mozzer88.com,M
157,146,Larry,Seymour,Stock Manager,3495.0,1 (317) 573-0634,Seymour@mozzer88.com,M
158,144,Stephen,Kimura,Chief Purchaser,,1 (208) 389-0064,Kimura@mozzer88.com,M
159,145,Ellen,Tondera,Chief Purchaser,435.0,1 (773) 227-3124,Tondera@mozzer88.com,F
160,147,Susan,Bernat,Stock Manager,,1 (313) 894-5432,Bernat@mozzer88.com,F
161,150,Charles,Schilling,Assistant Purchaser,654.0,1 (907) 272-4732,pumped@houseofwaresfr.com,M
162,151,Ryan,Livingston,Assistant Purchaser,,1 (808) 737-0961,Livingston@cc4golf.com,M
163,153,Vinay,Acharya,Site Assistant Manager,,1 (303) 449-1786,Acharya@utc67.com,M
164,152,Carl,Armstead,Site Assistant Manager,,1 (619) 223-2358,Armstead@utc67.com,M
165,154,Robert,Young,Assistant Purchaser,,1 (303) 808-2341,Young@utc67.com,M
166,155,Evelyn,Maloney,Site Assistant Manager,,1 (319) 390-5310,Maloney@amerih.net,F
167,158,Brian,Acker,Site Assistant Manager,,1 (617) 742-9745,Acker@amerih.net,M
168,163,Russell,Martin,Site Assistant Manager,,1 (215) 925-9321,Martin@amerih.net,M
169,162,Maurice,Engels,Site Manager,,1 (212) 535-3166,Engels@amerih.net,M
170,157,Kathleen,Webb,Site Assistant Manager,,1 (207) 774-1568,Webb@amerih.net,F
171,161,Jason,Bingley,Site Manager,12.0,1 (212) 620-1955,Bingley@amerih.net,M
172,156,Kelly,Marshall,Assistant Purchaser,1125.0,1 (785) 273-5453,Marshall@amerih.net,F
173,160,Richard,Austin,Site Manager,,1 (212) 620-9173,Austin@amerih.net,M
174,159,Ronald,Leboeuf,Chief Purchaser,,1 (609) 344-2211,Leboeuf@amerih.net,M
175,165,Rebbeca,Kaplan,Site Manager,,1 (303) 449-5774,Kaplan@westonoutfitter.com,F
176,167,Patricia,Morgan,Assistant Purchaser,,1 (504) 924-6521,Morgan@westonoutfitter.com,F
177,164,Nicole,Heinkel,Site Manager,64.0,1 (619) 223-1245,Heinkel@westonoutfitter.com,F
178,166,Louis,Feldcamp,Assistant Purchaser,,1 (303) 808-6548,Feldcamp@westonoutfitter.com,M
179,197,Bernard,Boivin,Site Assistant Manager,,+33 3 17 17 67 23,Boivin@wndee.net,M
180,195,André,Katz,Assistant Purchaser,,+33 1 72 25 34 53,Katz@wndee.net,M
181,196,Jacques,Lemieux,Site Assistant Manager,,+33 1 92 93 67 81,Lemieux@wndee.net,M
182,198,Martin,Faucher,Assistant Purchaser,,+33 4 78 09 48 61,Faucher@spclub67.com,M
183,199,Paul,Houle,Stock Manager,,+37 4 68 92 06 78,Houle@spclub67.com,M
184,200,Stéphanie,Hatley,Site Assistant Manager,,+33 2 97 38 67 87,Purchaser@anprna.net,F
185,203,Françoise,Cartier,Assistant Purchaser,,+33 1 15 17 65 89,Cartier@cordagesdiscount.com,F
186,204,Fabien,Deguerre,Stock Manager,,+33 1 33 98 31 25,Deguerre@cordagesdiscount.com,M
187,202,Robert,Drouin,Assistant Purchaser,,+33 4 35 22 65 42,Drouin@cordagesdiscount.com,M
188,201,Armand,Letendre,Site Manager,,+33 4 29 82 64 83,Letendre@cordagesdiscount.com,M
189,207,Lucie,Belisle,Chief Purchaser,,+33 5 40 47 76 53,Belisle@aentz.com,F
190,206,Gabriel,Brien,Stock Manager,,+33 4 46 43 47 17,Brien@aentz.com,M
191,205,Jean,Daumont,Assistant Purchaser,,+33 5 32 59 87 69,Daumont@aentz.com,M
192,208,Maurice,Joliette,Chief Purchaser,,+33 3 86 75 38 39,Joliette@aentz.com,M
193,209,Jacques,Lalumière,Assistant Purchaser,,+33 4 16 25 34 99,Stockroom@oetl12.com,M
194,214,Pierre,Aubert,Site Assistant Manager,,+33 3 47 52 18 90,Aubert@csauvage.net,M
195,210,Marc,Caron,District Manager,,+33 4 73 38 24 52,Caron@csauvage.net,M
196,213,Robert,Desautels,Stock Manager,3322.0,+33 1 25 46 41 51,Desautels@csauvage.net,M
197,211,Chantale,Gagnon,Chief Purchaser,,+33 5 48 23 19 34,Gagnon@csauvage.net,F
198,212,Jean,Islet,Chief Purchaser,,+33 4 67 63 87 09,Islet@csauvage.net,M
199,215,France,Anbert,Site Assistant Manager,453.0,+33 2 07 52 48 97,Anbert@grandchoixnet.com,F
200,218,Jacqueline,Faubert,District Manager,,+33 2 52 31 11 44,Faubert@grandchoixnet.com,F
201,217,Michel,Forestier,Site Manager,,+33 3 17 28 06 75,Forestier@grandchoixnet.com,M
202,216,Marc,Laverdure,Stock Manager,,+33 1 45 25 33 23,Laverdure@grandchoixnet.com,M
203,222,Jean-Pierre,Bobet,District Manager,,+33 1 02 30 77 62,JPB@lbfnetproc.com,M
204,223,Brigitte,Chartrand,Assistant Purchaser,,+33 1 33 33 02 09,Chartrand@lbfnetproc.com,F
205,220,Paul,Dupuis,District Manager,,+33 4 68 04 86 96,Dupuis@lbfnetproc.com,M
206,221,Barbara,Hudon,District Manager,,+33 2 49 08 59 67,Hudon@lbfnetproc.com,F
207,219,Pauline,Lemieux,District Manager,,+33 4 42 17 83 65,Lemieux@lbfnetproc.com,F
208,224,Francisco,López,Site Manager,,+(529) 888 7835,LopezADC@yalamowww.com,M
209,225,Pedro,García,Chief Purchaser,,+(525) 549 1336,GarciaADC@yalamowww.com,M
210,226,Manuel,Romero,Stock Manager,,+(525) 684 7119,RomeroADC@yalamowww.com,M
211,227,Mauricio,Rojas,Assistant Purchaser,,+(523) 443 6848,RojasADC@yalamowww.com,M
212,228,Cristina,Macías,Chief Purchaser,,+(523) 226 6977,MaciasADC@yalamowww.com,F
213,229,Georgina,Cruz,Assistant Purchaser,,+(528) 366 6717,,F
214,230,Verónica,Carcaño,Site Assistant Manager,456.0,+(525) 645 9200,Carcano@merkados6.com,F
215,231,Sandra,López,District Manager,,+(525) 515 4435,Lopez@merkados6.com,F
216,232,María,González,Stock Manager,,+(525) 670 0200,Gonzalez@merkados6.com,F
217,233,Guadalupe,Navas,Chief Purchaser,,+(525) 695 3216,Navas@merkados6.com,M
218,31,Isabelle,Jackson,Site Manager,,1 (902) 550-1609,Orders@aci1.com,F
219,235,Ryo,Amano,Chief Purchaser,,81-6-939-5559,Amano@jirogolf.com,M
220,236,Akihisa,Furukawa,Stock Manager,,81-82-111-3266,Furukawa@nipponq7.net,M
221,237,Tatsunori,Hanagata,Chief Purchaser,,81-3-1888-7145,Hanagata@hinodemegane.com,M
222,238,Naoto,Hirakawa,Site Manager,,81-3-1923-6358,Hirakawa@hinodemegane.com,M
223,239,Kazuhiko,Hoshi,Stock Manager,,81-6-587-0010,Hoshi@chueihyakkaten.net,M
224,240,Masaharu,Kai,Site Manager,,81-92-985-2334,Kai@jirogolf.com,M
225,241,Katsumi,Kaizu,Site Assistant Manager,,81-22-555-5188,Kaizu@jirogolf.com,M
226,242,Isao,Kato,Stock Manager,,81-3-6274-4211,IsaoK@youhinten21.net,M
227,243,Takuya,Kimura,Stock Manager,,81-3-9253-8420,Kimura@kanjosennetinc.com,M
228,244,Shinya,Kitayama,Chief Purchaser,,81-82-565-2259,Kitayama@jirogolf.com,M
229,245,Atsushi,Kobayashi,Site Assistant Manager,,81-82-541-2157,AtsushiL@youhinten21.net,M
230,246,Isamu,Kuroshima,Site Manager,,81-82-897-3266,IsamuK@youhinten21.net,M
231,247,Masao,Kusanagi,Chief Purchaser,,81-3-5547-6210,MasaoK@youhinten21.net,M
232,248,Akira,Matsutoya,District Manager,,81-92-211-6512,AM@hgs10.jp,M
233,249,Shigehisa,Murayama,District Manager,,81-6-652-0102,SM@hgs10.jp,M
234,250,Koji,Nakano,Chief Purchaser,,81-3-3333-6667,KN@hgs10.jp,M
235,251,Takeo,Nijima,Chief Purchaser,,81-3-5508-3687,TN@hgs10.jp,M
236,252,Hiroshi,Nomura,District Manager,,81-3-7254-1432,HN@hgs10.jp,M
237,253,Norio,Saito,Site Assistant Manager,,81-92-771-8958,NSaito@kittoz.net,M
238,254,Kinya,Shoji,Chief Purchaser,,81-22-888-1667,KShoji@kittoz.net,M
239,255,Kazuo,Sonezaki,Site Assistant Manager,,81-3-4782-3513,KSonezaki@kittoz.net,M
240,256,Kazuaki,Tachibana,Stock Manager,,81-6-882-1690,Tachibana@kanjosennetinc.com,M
241,257,Goro,Terauchi,Site Manager,,81-6-439-0002,Terauchi@kanjosennetinc.com,M
242,258,Tatsuhiko,Yamaguchi,Site Assistant Manager,,81-82-989-5478,Yamaguchi@kanjosennetinc.com,M
243,259,Kentaro,Yamamura,Stock Manager,,81-6-171-1985,Yamamura@kanjosennetinc.com,M
257,260,Jenny,Nilsson,Stock Manager,,+(46) 08 692 886,JNilsson@cspec1.com,F
258,261,Eva,Jansson,Assistant Purchaser,,+(46) 570 467 861,EJansson@cspec1.com,F
259,262,Jan-Erik,Wennström,Site Manager,,+(46) 054 330 209,JWennström@cspec1.com,M
260,263,Einar,Börjesson,Assistant Purchaser,,+(46) 240 968 300,EBörjesson@cspec1.com,M
261,264,Jörgen,Utmark,Site Assistant Manager,,+(46) 060 456 436,JUtmark@cspec1.com,M
262,265,Johan,Ekman,District Manager,,+(42) 278 478 323,JEkman@sportjonas.com,M
263,266,Filip,Olofsson,Assistant Purchaser,,+(46) 040 936 781,FOlofsson@sportjonas.com,M
264,267,Britt-Marie,Lind,Site Manager,,+(46) 031 550 215,BLind@sportjonas.com,F
265,268,Dan,Berg,Site Manager,,+(46) 08 896 568,DBerg@sportjonas.com,M
266,269,Harry,Einarsson,Stock Manager,,+(46) 08 523 190,HEinarsson@grandchoixnet.com,M
267,270,Bengt,Blom,Stock Manager,,+(46) 040 736 787,BBlom@grandchoixnet.com,M
268,271,Barbara,Fredlund,Site Manager,,+(46) 031 852 015,BFredlund@trsport.com,F
269,272,Edo,Das,Assistant Purchaser,,+31(0)229 546 17 26,EDas@itwunderz.net,M
270,273,Ineke,de Klerck,Site Manager,,+31 (0)57 002 77 51,Klerck@itwunderz.net,F
271,274,Maartje,Bestevaar,Site Assistant Manager,3332.0,+31 (0)70 727 53 32,MBestevaar@itwunderz.net,F
272,275,Gerrit,Jeuring,Assistant Purchaser,,+31 (0)20 450 66 52,GJeuring@itwunderz.net,M
273,276,Dirk-Jaap,Ommeland,Site Assistant Manager,, +31 (0)20 467 87 60,DOmmeland@itwunderz.net,M
274,277,Cees,de Ruiter,Site Assistant Manager,,+31 (0)182 34 55 21,Ruiter@zulnet12.net,M
275,278,Brian,Beukelkamp,Site Manager,,+31 (0)20 692 93 06,Brian@getoutnd.com,M
276,279,Gert,van der Brom,Assistant Purchaser,,+31 (0)83 522 36 69,Gert@getoutnd.com,M
277,280,Barbara,Habaai,Site Manager,,+31 (0)20 511 57 11,BHabaai@zonzoekersit.com,F
278,281,Annechien,Joustra-Dijk,Site Assistant Manager,,+31(0)294 201 88 54,AJoustra-Dijk@zonzoekersit.com,F
279,282,Gerard,Pieterse,Chief Purchaser,,+31(0)573 721 88 46,GPieterse@zonzoekersit.com,M
280,283,Bert,Zegwaard,Stock Manager,,+31(0)595 349 56 23,BZegwaard@zonzoekersit.com,M
281,284,Bert,Bakker,Assistant Purchaser,,+31(0)573 721 9775,BBakker@beterbuitenleven.com,M
282,285,Erwin,de Jonge,Site Assistant Manager,,+31 (0)34 654 53 18,EdeJonge@beterbuitenleven.com,M
283,286,Ivo,de Leeuw,Site Manager,,+31 (0)20 618 86 62,IdeLeeuw@beterbuitenleven.com,M
284,287,Douwe,Draaier,Stock Manager,,+31 (0)20 672 28 31,DDraaier@beterbuitenleven.com,M
285,288,Arie,Spoor,Site Manager,151.0,+31(0)299 34397 41,ASpoor@beterbuitenleven.com,M
286,289,Bill,Baas,Site Manager,,+31 (0)182 45 61 00,BBaas@exsp2k.com,M
287,290,Lydia,Brood,Assistant Purchaser,,+31(0)597 329 55 43,LBrood@exsp2k.com,F
288,291,Ellen,uit den Boogaard,Chief Purchaser,,+31 (0)10 727 65 02,EuitdenBoogaard@exsp2k.com,F
289,304,Alberto,Cigli,Site Assistant Manager,,+(39) 051 28 92 422,ACigli@nonsoloneve.com,M
290,305,Alessia,Montenero,District Manager,,+(39) 035 41 70 902,AMontenero@nonsoloneve.com,F
291,306,Andrea,Teglia,Assistant Purchaser,,+(39) 055 88 23 455,ATeglia@nonsoloneve.com,M
292,307,Franco,Donatelli,Stock Manager,,+(39) 02 66 61 061,FDonatelli@nonsoloneve.com,M
293,308,Gianfranco,Bellezzi,Stock Manager,,+(39) 06 56 17 755,GBellezzi@nonsoloneve.com,M
294,309,Giuliano,Guidi,Assistant Purchaser,,+(39) 011 89 32 239,GGuidi@paradisoutl.net,M
295,310,Fabio,Montessori,Site Assistant Manager,,+(39) 010 11 16 161,FMontessori@paradisoutl.net,M
296,311,Daniela,Fermi,Site Manager,,+(39) 081 49 86 509,DFermi@paradisoutl.net,F
297,312,Massimo,Donizelli,Chief Purchaser,,+(39) 06 56 17 755,MDonizelli@paradisoutl.net,M
298,313,Elena,Rossi,Stock Manager,,+(39) 06 64 79 431,ERossi@bell1n1.com,F
299,314,Enrico,Peco,Chief Purchaser,,+(39) 041 66 61 061,EPeco@bell1n1.com,M
300,315,Francesca,Iolli,Stock Manager,,+(39) 02 79 53 477,FIolli@brambilla8.com,F
301,316,Steve,Girvan,Assistant Purchaser,,+(61) 03 9532 4248,SGirvan@bbeds.com,M
302,317,Doug,Crease,Site Assistant Manager,,+(61) 07 7237 1063,DCrease@kangakampers.com,M
303,318,Jake,Jenkins,Site Manager,,+(61) 00 7267 7092,JJenkins@bbeds.com,M
304,319,Scott,Crawford,Assistant Purchaser,,+(61) 09 9234 2834,SCrawford@bbeds.com,M
305,320,Adam,Balla,Chief Purchaser,,+(61) 00 7267 2210,,M
306,321,Paul,Balesrieri,Site Manager,,+(61) 02 5122 1193,PBalesrieri@bbeds.com,M
307,322,David,Giddey,Site Assistant Manager,,+(61) 02 9437 3472,DGiddey@kangakampers.com,M
308,323,Norman,Janac,Assistant Purchaser,,+(61) 03 9314 5931,NJanac@kangakampers.com,M
309,324,Gina,Murphy,Site Assistant Manager,1332.0,+(61) 02 5122 1638,GMurphy@kangakampers.com,F
310,325,Linda,Balfe,Site Manager,,+(61) 02 9437 2765,LBalfe@kangakampers.com,F
311,326,Ana María,Peña,Site Manager,,+35 93 356 3444,APeña@narancodebulnes.com,F
312,327,Antonio,Tirado,Site Manager,,+35 93 747 1534,ATirado@narancodebulnes.com,M
313,328,Carlos,Quesada,Site Manager,,+35 93 564 7157,CQuesada@avt3.net,M
314,329,Cristina,Herrera,Site Assistant Manager,,+35 94 888 5900,CHerrera@narancodebulnes.com,F
315,330,Horacio,Torres,Chief Purchaser,,+35 94 122 3344,HTorres@narancodebulnes.com,M
316,331,José,Requena,Site Manager,,+35 94 182 4715,JRequena@avt3.net,M
317,332,Lourdes,Aguirre,Site Manager,,+35 91 222 5645,LAguirre@narancodebulnes.com,F
318,333,Pedro,Turina,District Manager,,+35 91 364 7295,PTurina@avt3.net,M
319,334,Sergio,Claramunt,Assistant Purchaser,,+35 97 644 4551,SClaramunt@avt3.net,M
320,335,Clarice,Oliveira,Stock Manager,,+55 (11) 288-2345,COliveira@esportesgrumari.com,F
327,336,Svend,Larsen,Chief Purchaser,,+45 30 50 70 91,SLarsen@prebenx.com,M
328,337,Knud,Lauridsen,Site Assistant Manager,,+45 70 23 45 01,KLauridsen@grandchoixnet.com,M
329,338,Anders,Schmidt,Assistant Purchaser,,+45 76 57 89 41,ASchmidt@prebenx.com,M
330,339,Mette,Andersen,Assistant Purchaser,,+45 43 70 15 93,MAndersen@prebenx.com,F
331,340,Mikkel,Nielsen,Stock Manager,,+45 87 41 34 04,MNielsen@prebenx.com,M
332,341,Jørgen,Nygaard,Site Manager,456.0,+45 22 29 54 21,JNygaard@prebenx.com,M
333,342,Juha,Järvinen,Site Manager,,+358(0)3 - 617 143,JJ@arjanaitta.com,M
334,343,Juha,Saastamoinen,Stock Manager,,+358(0)19 - 550 4711,JSaastamoinen@arjanaitta.com,M
335,344,Jari,Sihvola,Chief Purchaser,,+358(0)2 - 481 6843,JSihvola@arjanaitta.com,M
336,345,Harri,Harkimo,District Manager,,+358(0)9 - 726 8500,HHarkimo@arjanaitta.com,M
337,346,Olga,Koriseva,Stock Manager,1445.0,+358(0)9 - 364 835,OKoriseva@arjanaitta.com,F
338,347,Min-hee,Jeon,Site Manager,,82-51-234-7853,MJeon@hansunggolf.com,F
339,348,So-man,Lee,Site Assistant Manager,,82-2-345-8385,SLee@chenyu7.com,M
340,349,Sun-kuk,Hwang,Chief Purchaser,,82-53-522-4479,SHwang@hansunggolf.com,M
341,350,Ki-jun,Kim,Stock Manager,,82-2-226-9857,KKim@hansunggolf.com,M
342,351,Moon-young,Park,Stock Manager,,82-42-412-6326,MPark@hansunggolf.com,M
343,352,Mi-na,Lee,Site Manager,,82-51-32-4567,MLee@taehosports.com,F
344,353,Jun-Yyung,Park,Assistant Purchaser,,82-2-356-7896,JPark@taehosports.com,M
345,354,Na-jung,Lee,Stock Manager,5667.0,82-2-3456-1232,NLee@taehosports.com,F
346,355,Young-chul,Ahn,Site Assistant Manager,,82-32-45-3367,YAhn@taehosports.com,M
347,356,Min-gu,Kang,Site Manager,6542.0,82-62-23-5588,MKang@taehosports.com,M
348,357,Hai-Yuan,Wang,Chief Purchaser,,886-2-2994-1219,HWang@haiwanshin.net,M
349,358,Choun-An,Kwo,Site Manager,,886-2-2269-3047,Kwo@chenyu7.com,M
350,359,Fun-Shang,Yai,Chief Purchaser,6544.0,886-2-2257-0345,FYai@haiwanshin.net,M
351,360,Yi-Chen,Ma,Assistant Purchaser,,886-2-2998-6528,Ma@chenyu7.com,F
352,361,Ching-Shin,Wang,Site Assistant Manager,,886-3-5387-2028,CWang@haiwanshin.net,M
353,362,Shih-Hsiung,Chen,Assistant Purchaser,,886-2-2298-8591,SChen@fuchinsport.com,M
354,363,Hwao-Ping,Din,Chief Purchaser,,886-2-2857-4558,Din@chenyu7.com,M
355,364,Fong-Hsiu,Yang,Site Assistant Manager,,886-3-325-6152,FYang@haiwanshin.net,M
356,365,Der-Tsai,Chang,Assistant Purchaser,,886-2-2953-0631,Chang@chenyu7.com,M
357,366,Ping-Chan,Tsai,Site Assistant Manager,,886-2-2686-6102,PTsai@haiwanshin.net,M
358,376,Tao,Yang,Site Manager,,86-10-6252-8387,tyanghssports.com,M
359,377,Ping,Wang,Chief Purchaser,,86-10-6527-8088,PWang@lankingsports.com,M
360,378,Shao,Chen,Stock Manager,,86-28-666-2222,schenhssports.com,F
361,379,Yong,Suo,Assistant Purchaser,,86-20-8331-3501,YSuo@lankingsports.com,M
362,380,Chu,Ding,Site Assistant Manager,456.0,86-20-8780-6562,CDing@hss2000.com,M
363,381,Lu,Lu,Stock Manager,123.0,86-571-525-2443,,F
364,382,Jin,Liang,Chief Purchaser,,,JLiang@hss2000.com,F
365,383,Ling,Xu,Site Assistant Manager,,86-21-6390-6658,LXu@lankingsports.com,F
366,384,Yunbo,Liu,Site Assistant Manager,,852-2802-4188,YLiu@lankingsports.com,M
367,385,Dong,Li,Site Manager,,86-371-278-3457,DLi@lankingsports.com,M
394,386,Lee,Hong,Chief Purchaser,,+(44) 171 3871873,Lee@jensenmountaineering.com,M
395,387,Karen,Posselwaite,Assistant Purchaser,,+(44) 121 3607074,KP@lltnuble.com,F
396,388,Hillary,Thomas,Chief Purchaser,,+(44) 117 9755453,HThomas@hurstironmongers.com,F
397,389,Jill,Sutherland,Site Manager,,+(44) 171 9874611,JSutherland@hurstironmongers.com,F
398,390,Amric,Said,Chief Purchaser,,+(44) 118 9426551,ASaid@outex99.com,M
399,391,Alison,Day,Site Assistant Manager,,+(44) 171 6038084,ADay@outex99.com,F
400,392,Paul,Murphy,Site Manager,,+(44) 1908 314014,Paul@jensenmountaineering.com,M
401,393,Joanne,Wallen,Chief Purchaser,,+(44) 1489 790458,JWallen@beckssportsstore.com,F
402,394,Michael,Covington,Site Assistant Manager,,+(44) 1865 891370,MCovington@brownsopticals.com,M
403,395,Colin,Barker,Site Assistant Manager,,+(44) 181 6906670,CBarker@brownsopticals.com,M
404,396,Sarah,Head,District Manager,,+(44) 1273 414377,SHead@outex99.com,F
405,397,Dan,Sabbagh,District Manager,512.0,+(44) 181 5588327,Dan@jensenmountaineering.com,M
406,398,Matthew,Newly,District Manager,,+(44) 117 9682008,Matthew@jensenmountaineering.com,M
407,399,Lisa,Kelly,Assistant Purchaser,,+(44) 1489 785695,LKelly@outex99.com,F
408,400,Adrian,Welsh,Site Manager,,+(44) 1908 569430,AWelsh@romfordtools.com,M
409,401,Ian,Stoble,Assistant Purchaser,,+(44) 1489 892410,IS@lltnuble.com,M
410,402,Claire,Robinson,District Manager,456.0,+(44) 181 9488153,Claire@jensenmountaineering.com,F
411,403,Louisa,Bryan,Site Manager,,+(44) 1273 888056,LBryan@outex99.com,F
412,404,Peter,Kirwan,Stock Manager,,+(44) 1273 501464,PKirwan@beckssportsstore.com,M
413,405,Stephen,Mathieson,Site Assistant Manager,,+(44) 171 2510627,SMathieson@beckssportsstore.com,M
414,406,Dominic,Sumners,Stock Manager,,+(44) 171 2534053,Dominic@jensenmountaineering.com,M
415,407,Douglas,Hayward,Stock Manager,,+(44) 1273 687506,DH@lltnuble.com,M
416,408,Francis,Miller,District Manager,45.0,+(44) 115 9799322,FM@lltnuble.com,F
417,409,Byron,Crofton,Chief Purchaser,,+(44) 181 3492488,BCrofton@beckssportsstore.com,M
418,410,Walter,Taylor,Stock Manager,,+(44) 118 9479954,WTaylor@hurstironmongers.com,M
420,411,Brigitte,Bageth,Site Assistant Manager,,+(41) 61 33 20 24,BB@wz10.com,F
421,412,Chantal,Boirie,Chief Purchaser,,+(41) 21 10 25 97,CBoirie@grandchoixnet.com,F
422,413,Sergio,Covatta,Stock Manager,,+(41) 92 23 88 43,SCovatta@grandchoixnet.com,M
423,414,Daniel,Daderli,Site Assistant Manager,451.0,+(41) 34 54 01 00,,M
424,415,Fritz,Görig,District Manager,,+(41) 12 52 31 55,FG@wz10.com,M
425,416,Enrico,Gregoretti,District Manager,,+(41) 91 69 61 20,EGregoretti@grandchoixnet.com,M
426,417,Marcel,Jabert,Site Assistant Manager,,+(41) 22 41 02 57,MJabert@scarabntg.com,M
427,418,Isabelle,Meric,Site Manager,,+(41) 21 14 58 09,IMeric@scarabntg.com,F
428,419,Jacques,Parenti,District Manager,,+(41) 26 71 89 30,JParenti@scarabntg.com,M
429,420,Michel,Peris,Chief Purchaser,,+(41) 22 45 10 58,MPeris@scarabntg.com,M
430,421,Werner,Richter,Stock Manager,,+(41) 13 61 40 79,WR@wz10.com,M
431,422,Wilhelmine,Strauss,Site Assistant Manager,,+(41) 12 22 55 10,WStrauss@scarabntg.com,F
432,423,Steffi,Winter,Stock Manager,5446.0,+(41) 71 25 43 15,SW@wz10.com,F
433,424,Erik,Vanlommel,Site Assistant Manager,,+32 2 722.18.10,EVanlommel@golfsus3.com,M
434,425,Jan,Aelen,Site Manager,1651.0,+32 3 778.10.52,JAelen@golfsus3.com,M
435,426,Trui,De Visscher,Stock Manager,,+32 16 24.43.23,TDeVisscher@golfsus3.com,F
436,427,Ann,D'Hondt,Site Assistant Manager,,+32 3 222.03.10,ADHondt@golfsus3.com,F
437,428,Chantal,Dechamps,Assistant Purchaser,,+32 2 743.87.11,CDechamps@allo2xl.com,F
438,429,Robert,Legrand,Site Manager,,+32 63 71.23.35,Robert.Legrand@carxtl.com,M
439,430,Albert,Meyermans,Chief Purchaser,,+32 63 23.11.15,Albert.Meyermans@carxtl.com,M
440,431,Valérie,Merckx,Stock Manager,,+32 4 254.68.69,Valerie.Merckx@carxtl.com,F
441,432,Maurice,Jacobs,Chief Purchaser,,+32 71 23.30.91,Maurice.Jacobs@carxtl.com,M
442,433,Xavier,Eysscher,Site Assistant Manager,,+32 41 20.09.23,Xavier.Eysscher@carxtl.com,M
453,434,Kurt,Nottebaum,District Manager,,+(43) 11 67 44 10,KNottebaum@ofmhently.com,M
454,435,Walter,Lautz,Stock Manager,,+(43) 22 52 20 20,WLautz@ofmhently.com,M
455,436,Günter,Wehrlin,Chief Purchaser,,+(43) 26 30 79 78,GWehrlin@ofmhently.com,M
456,437,Charlotte,Umlauf,Site Assistant Manager,,+(43) 27 54 72 10,CUmlauf@ofmhently.com,F
457,438,Siglinde,Amersberger,Stock Manager,,+(43) 31 64 74 85,SAmersberger@ofmhently.com,F
458,439,Manfred,Herwig,Chief Purchaser,,+(43) 12 72 92 56,MHerwig@ausglobetrotter.net,M
459,440,Anna-Maria,Pump,Stock Manager,,+(43) 73 57 10 40,APump@ausglobetrotter.net,F
460,441,Franziska,Resch,Site Assistant Manager,,+(43) 51 28 28 08,FResch@ausglobetrotter.net,F
461,442,Peter,Werner,Site Manager,,+(43) 54 44 78 79,PWerner@ausglobetrotter.net,M
462,443,Viola,Robeck,Site Manager,1655.0,+(43) 51 28 91 00,,F
